A Light in the ...;catalogue/a-light-in-the-attic_1000/index.html;"Â£51.77


    
        In stock
    


Add to basket"Tipping the Velvet;catalogue/tipping-the-velvet_999/index.html;"Â£53.74


    
        In stock
    


Add to basket"Soumission;catalogue/soumission_998/index.html;"Â£50.10


    
        In stock
    


Add to basket"Sharp Objects;catalogue/sharp-objects_997/index.html;"Â£47.82


    
        In stock
    


Add to basket"Sapiens: A Brief History ...;catalogue/sapiens-a-brief-history-of-humankind_996/index.html;"Â£54.23


    
        In stock
    


Add to basket"The Requiem Red;catalogue/the-requiem-red_995/index.html;"Â£22.65


    
        In stock
    


Add to basket"The Dirty Little Secrets ...;catalogue/the-dirty-little-secrets-of-getting-your-dream-job_994/index.html;"Â£33.34


    
        In stock
    


Add to basket"The Coming Woman: A ...;catalogue/the-coming-woman-a-novel-based-on-the-life-of-the-infamous-feminist-victoria-woodhull_993/index.html;"Â£17.93


    
        In stock
    


Add to basket"The Boys in the ...;catalogue/the-boys-in-the-boat-nine-americans-and-their-epic-quest-for-gold-at-the-1936-berlin-olympics_992/index.html;"Â£22.60


    
        In stock
    


Add to basket"The Black Maria;catalogue/the-black-maria_991/index.html;"Â£52.15


    
        In stock
    


Add to basket"Starving Hearts (Triangular Trade ...;catalogue/starving-hearts-triangular-trade-trilogy-1_990/index.html;"Â£13.99


    
        In stock
    


Add to basket"Shakespeare's Sonnets;catalogue/shakespeares-sonnets_989/index.html;"Â£20.66


    
        In stock
    


Add to basket"Set Me Free;catalogue/set-me-free_988/index.html;"Â£17.46


    
        In stock
    


Add to basket"Scott Pilgrim's Precious Little ...;catalogue/scott-pilgrims-precious-little-life-scott-pilgrim-1_987/index.html;"Â£52.29


    
        In stock
    


Add to basket"Rip it Up and ...;catalogue/rip-it-up-and-start-again_986/index.html;"Â£35.02


    
        In stock
    


Add to basket"Our Band Could Be ...;catalogue/our-band-could-be-your-life-scenes-from-the-american-indie-underground-1981-1991_985/index.html;"Â£57.25


    
        In stock
    


Add to basket"Olio;catalogue/olio_984/index.html;"Â£23.88


    
        In stock
    


Add to basket"Mesaerion: The Best Science ...;catalogue/mesaerion-the-best-science-fiction-stories-1800-1849_983/index.html;"Â£37.59


    
        In stock
    


Add to basket"Libertarianism for Beginners;catalogue/libertarianism-for-beginners_982/index.html;"Â£51.33


    
        In stock
    


Add to basket"It's Only the Himalayas;catalogue/its-only-the-himalayas_981/index.html;"Â£45.17


    
        In stock
    


Add to basket"